{"cameraMode":{"drawMode":0,"name":"Shaded","section":"Shading Mode"},"sceneLighting":false,"audioPlay":false,"sceneViewState":{"showFog":true,"showMaterialUpdate":false,"showSkybox":false,"showFlares":true,"showImageEffects":true,"showParticleSystems":true},"in2DMode":false,"pivot":{"x":455.49920654296877,"y":0.15000180900096894,"z":528.5095825195313},"rotation":{"x":-0.03880921006202698,"y":-0.911706268787384,"z":0.399305135011673,"w":-0.088616281747818},"size":7.017836093902588,"orthographic":false}