{"cameraMode":{"drawMode":0,"name":"Shaded","section":"Shading Mode"},"sceneLighting":false,"audioPlay":false,"sceneViewState":{"showFog":true,"showMaterialUpdate":false,"showSkybox":false,"showFlares":true,"showImageEffects":true,"showParticleSystems":true},"in2DMode":false,"pivot":{"x":-15.23455810546875,"y":54.315399169921878,"z":98.41986083984375},"rotation":{"x":0.13649044930934907,"y":0.28031864762306216,"z":-0.04033288732171059,"w":0.9493091702461243},"size":697.4537353515625,"orthographic":false}