{"cameraMode":{"drawMode":0,"name":"Shaded","section":"Shading Mode"},"sceneLighting":true,"audioPlay":false,"sceneViewState":{"showFog":true,"showMaterialUpdate":false,"showSkybox":true,"showFlares":true,"showImageEffects":true,"showParticleSystems":true},"in2DMode":false,"pivot":{"x":134.9158172607422,"y":1.534899353981018,"z":159.595947265625},"rotation":{"x":0.11989796906709671,"y":0.044738590717315677,"z":-0.00538005493581295,"w":0.9917957186698914},"size":3.580610990524292,"orthographic":false}