{"cameraMode":{"drawMode":0,"name":"Shaded","section":"Shading Mode"},"sceneLighting":true,"audioPlay":false,"sceneViewState":{"showFog":true,"showMaterialUpdate":false,"showSkybox":true,"showFlares":true,"showImageEffects":true,"showParticleSystems":true},"in2DMode":false,"pivot":{"x":0.0430000014603138,"y":1.5479999780654908,"z":-0.5899999737739563},"rotation":{"x":0.02624310739338398,"y":0.8545801043510437,"z":0.043348778039216998,"w":-0.5168753862380981},"size":4.356405735015869,"orthographic":false}