{"cameraMode":{"drawMode":0,"name":"Shaded","section":"Shading Mode"},"sceneLighting":true,"audioPlay":false,"sceneViewState":{"showFog":true,"showMaterialUpdate":false,"showSkybox":true,"showFlares":true,"showImageEffects":true,"showParticleSystems":true},"in2DMode":false,"pivot":{"x":133.79940795898438,"y":0.526050329208374,"z":18.919605255126954},"rotation":{"x":-0.1493425816297531,"y":-0.07209385931491852,"z":0.010961411520838738,"w":-0.9861299395561218},"size":21.034038543701173,"orthographic":false}