{"cameraMode":{"drawMode":0,"name":"Shaded","section":"Shading Mode"},"sceneLighting":false,"audioPlay":false,"sceneViewState":{"showFog":true,"showMaterialUpdate":false,"showSkybox":false,"showFlares":true,"showImageEffects":true,"showParticleSystems":true},"in2DMode":false,"pivot":{"x":455.5045166015625,"y":0.01500178873538971,"z":498.5881652832031},"rotation":{"x":-0.03880921006202698,"y":-0.911706268787384,"z":0.399305135011673,"w":-0.088616281747818},"size":49.61772155761719,"orthographic":false}