{"cameraMode":{"drawMode":0,"name":"Shaded","section":"Shading Mode"},"sceneLighting":false,"audioPlay":false,"sceneViewState":{"showFog":true,"showMaterialUpdate":false,"showSkybox":false,"showFlares":true,"showImageEffects":true,"showParticleSystems":true},"in2DMode":false,"pivot":{"x":-41.978858947753909,"y":14.818408966064454,"z":35.1405029296875},"rotation":{"x":0.14457117021083833,"y":-0.25770851969718935,"z":0.03901951014995575,"w":0.9545571804046631},"size":205.12722778320313,"orthographic":false}