{"cameraMode":{"drawMode":0,"name":"Shaded","section":"Shading Mode"},"sceneLighting":false,"audioPlay":false,"sceneViewState":{"showFog":true,"showMaterialUpdate":false,"showSkybox":false,"showFlares":true,"showImageEffects":true,"showParticleSystems":true},"in2DMode":false,"pivot":{"x":2.549537181854248,"y":4.095638275146484,"z":-2.2278175354003908},"rotation":{"x":-0.2569931745529175,"y":-0.6694017052650452,"z":0.26722025871276858,"w":-0.6437857151031494},"size":26.465351104736329,"orthographic":false}