{"cameraMode":{"drawMode":0,"name":"Shaded","section":"Shading Mode"},"sceneLighting":false,"audioPlay":false,"sceneViewState":{"showFog":true,"showMaterialUpdate":false,"showSkybox":false,"showFlares":true,"showImageEffects":true,"showParticleSystems":true},"in2DMode":false,"pivot":{"x":1.2899999618530274,"y":1.6413702964782715,"z":0.51979660987854},"rotation":{"x":-0.2032751739025116,"y":0.5961254835128784,"z":-0.15943993628025056,"w":-0.7602062821388245},"size":7.346774101257324,"orthographic":false}