{"cameraMode":{"drawMode":0,"name":"Shaded","section":"Shading Mode"},"sceneLighting":false,"audioPlay":false,"sceneViewState":{"showFog":true,"showMaterialUpdate":false,"showSkybox":false,"showFlares":true,"showImageEffects":true,"showParticleSystems":true},"in2DMode":false,"pivot":{"x":0.6303918361663818,"y":1.5790362358093262,"z":-0.6085432767868042},"rotation":{"x":-0.20791342854499818,"y":0.506512463092804,"z":-0.12736816704273225,"w":-0.8270521759986877},"size":4.5989203453063969,"orthographic":false}